retailer_id,item_group_id,title,description,image_link,additional_image_link,availability,price,condition,link,size,age_group,color,gender,google_product_category,gtin,inventory,manufacturer_part_number,pattern,sale_price,sale_price_effective_date,shipping,brand,currency
DF-CSTD-35g,DF-CSTD,Jabsons Tandoori Roasted Kaju 35g,,https://jabsons.com/cdn/shop/files/200g_Tandoori_kaju_front.webp?v=1740725080&width=1946,,in stock,48.0,new,https://jabsons.com/products/cashewnut-tandoori,,,,,,,,,,,,,,INR
DF-CSTD-18g,DF-CSTD,Jabsons Tandoori Roasted Kaju 18g,,https://jabsons.com/cdn/shop/files/200g_Tandoori_kaju_front.webp?v=1740725080&width=1946,,in stock,22.5,new,https://jabsons.com/products/cashewnut-tandoori,,,,,,,,,,,,,,INR
PNT-TD-23g,PNT-TD,Jabsons Tandoori Roasted Peanuts 23g,,https://jabsons.com/cdn/shop/files/140g_Tandoori_Peanut_Front______12.1KIB-transformed.png?v=1771917302&width=1946,,in stock,8.0,new,https://jabsons.com/products/tandoori-peanut,,,,,,,,,,,,,,INR
NAM-GPOG-22g,NAM-GPOG,Jabsons Green Peas Onion & Garlic Namkeen 22g,,https://jabsons.com/cdn/shop/files/150g_Green_Peas_Onion_Garlic_Front-23.webp?v=1747116350&width=1946,,in stock,8.0,new,https://jabsons.com/products/green-peas-onion-garlic,,,,,,,,,,,,,,INR
PNT-BP-23g,PNT-BP,Jabsons Black Pepper Roasted Peanuts 23g,,https://jabsons.com/cdn/shop/files/140g_Black_Pepper_Front.png?v=1769681978&width=1946,,in stock,8.0,new,https://jabsons.com/products/black-pepper-peanut,,,,,,,,,,,,,,INR
DF-CSBP-35g,DF-CSBP,Jabsons Black Pepper Roasted Kaju 35g,,https://jabsons.com/cdn/shop/files/200g_Black_Pepper_kaju_front.png?v=1734519445&width=1946,,in stock,48.0,new,https://jabsons.com/products/cashewnut-black-pepper,,,,,,,,,,,,,,INR
PNT-CS-27g,PNT-CS,Jabsons Classic Salted Roasted Peanuts 27g,,https://jabsons.com/cdn/shop/files/160g_Classic_Salted_front-23.png?v=1769682025&width=1946,,in stock,8.0,new,https://jabsons.com/products/classic-salted-peanut,,,,,,,,,,,,,,INR
PNT-HG-23g,PNT-HG,Jabsons Hing Jeera Roasted Peanuts 23g,,https://jabsons.com/cdn/shop/files/140g_Hing_Jeera_Front-23_12886664-196f-4f7c-bb7f-1195ca76fd55.webp?v=1762246361&width=1946,,in stock,8.0,new,https://jabsons.com/products/hing-jeera-peanut,,,,,,,,,,,,,,INR
CHN-HG-25g,CHN-HG,Jabsons Hing Jeera Roasted Chana 25g,,https://jabsons.com/cdn/shop/files/150g_Chana_Hing_Jeera_Front.webp?v=1761730239&width=1946,,in stock,8.0,new,https://jabsons.com/products/hing-jeera-chana,,,,,,,,,,,,,,INR
DF-CSCS-35g,DF-CSCS,Jabsons Salted Roasted Kaju 35g,,https://jabsons.com/cdn/shop/files/200g_salted_kaju_back.webp?v=1740725195&width=1946,,in stock,48.0,new,https://jabsons.com/products/cashewnut-classic-salted,,,,,,,,,,,,,,INR
DF-CSBP-18g,DF-CSBP,Jabsons Black Pepper Roasted Kaju 18g,,https://jabsons.com/cdn/shop/files/200g_Black_Pepper_kaju_front.png?v=1734519445&width=1946,,in stock,22.5,new,https://jabsons.com/products/cashewnut-black-pepper,,,,,,,,,,,,,,INR
DF-CSCS-18g,DF-CSCS,Jabsons Salted Roasted Kaju 18g,,https://jabsons.com/cdn/shop/files/200g_salted_kaju_back.webp?v=1740725195&width=1946,,in stock,22.5,new,https://jabsons.com/products/cashewnut-classic-salted,,,,,,,,,,,,,,INR
